LOB,Interval,Forecasted Calls,Offered Calls,Answered Calls,Service Level%,ASA (secs),ABN%,Sum of OTF.,Sum of AHT.,Sum of Occ.,Sum of Met SLA
Carelon Behavioral Health (Beacon CC) Grand Total,,579,645,641,92.37%,13,0.62%,111.45%,390,68.31%,593
Carelon Behavioral Health (Beacon CC),08:00,21,30,30,100.00%,2,0.00%,139.99%,168,27.69%,30
Carelon Behavioral Health (Beacon CC),08:30,37,37,37,100.00%,1,0.00%,100.27%,259,36.53%,37
Carelon Behavioral Health (Beacon CC),09:00,56,60,60,100.00%,3,0.00%,106.52%,383,45.44%,60
Carelon Behavioral Health (Beacon CC),09:30,71,94,94,100.00%,2,0.00%,131.82%,356,62.15%,94
Carelon Behavioral Health (Beacon CC),10:00,93,90,90,100.00%,4,0.00%,97.24%,355,67.27%,90
Carelon Behavioral Health (Beacon CC),10:30,89,79,79,100.00%,5,0.00%,88.70%,495,74.64%,79
Carelon Behavioral Health (Beacon CC),11:00,106,127,123,70.97%,44,3.15%,119.83%,454,91.64%,88
Carelon Behavioral Health (Beacon CC),11:30,105,128,128,89.84%,14,0.00%,121.72%,394,86.82%,115
Carelon Medical Benefits Management Grand Total,,994,1067,1066,99.72%,1,0.09%,107.39%,379,50.47%,1063
Carelon Medical Benefits Management,08:00,30,27,27,100.00%,2,0.00%,89.05%,231,8.57%,27
Carelon Medical Benefits Management,08:30,90,95,95,100.00%,1,0.00%,106.05%,293,34.32%,95
Carelon Medical Benefits Management,09:00,141,112,111,100.00%,1,0.89%,79.64%,352,39.53%,111
Carelon Medical Benefits Management,09:30,143,155,154,98.71%,3,0.00%,108.13%,399,59.71%,153
Carelon Medical Benefits Management,10:00,149,161,162,100.62%,1,0.00%,108.42%,377,56.46%,162
Carelon Medical Benefits Management,10:30,152,172,172,100.00%,1,0.00%,112.83%,386,54.74%,172
Carelon Medical Benefits Management,11:00,148,167,167,100.00%,1,0.00%,113.14%,358,53.22%,167
Carelon Medical Benefits Management,11:30,141,178,178,98.88%,2,0.00%,126.12%,452,70.42%,176
Legacy Behavioral Health Grand Total,,0,118,118,100.00%,2,0.00%,0.00%,475,37.40%,118
Legacy Behavioral Health,08:00,0,3,3,100.00%,4,0.00%,0.00%,801,15.13%,3
Legacy Behavioral Health,08:30,0,11,11,100.00%,1,0.00%,0.00%,559,51.37%,11
Legacy Behavioral Health,09:00,0,10,10,100.00%,4,0.00%,0.00%,595,27.44%,10
Legacy Behavioral Health,09:30,0,21,21,100.00%,2,0.00%,0.00%,414,39.93%,21
Legacy Behavioral Health,10:00,0,16,16,100.00%,2,0.00%,0.00%,315,42.89%,16
Legacy Behavioral Health,10:30,0,20,20,100.00%,1,0.00%,0.00%,509,44.43%,20
Legacy Behavioral Health,11:00,0,16,16,100.00%,1,0.00%,0.00%,448,43.44%,16
Legacy Behavioral Health,11:30,0,21,21,100.00%,1,0.00%,0.00%,449,42.42%,21
Carelon Subrogation Grand Total,,93,108,108,95.37%,11,0.00%,116.34%,351,43.86%,103
Carelon Subrogation,08:00,0,0,0,0.00%,0,0.00%,0.00%,0,0.00%,0
Carelon Subrogation,08:30,6,2,2,100.00%,5,0.00%,36.36%,232,2.61%,2
Carelon Subrogation,09:00,9,20,20,100.00%,3,0.00%,233.10%,316,47.58%,20
Carelon Subrogation,09:30,15,16,16,100.00%,1,0.00%,106.67%,363,41.84%,16
Carelon Subrogation,10:00,16,15,15,100.00%,4,0.00%,95.24%,242,30.66%,15
Carelon Subrogation,10:30,15,22,22,77.27%,46,0.00%,144.26%,378,80.04%,17
Carelon Subrogation,11:00,16,18,18,100.00%,3,0.00%,114.29%,411,55.20%,18
Carelon Subrogation,11:30,17,15,15,100.00%,1,0.00%,88.24%,340,41.65%,15
Ameriben - Provider Grand Total,,33,48,48,100.00%,2,0.00%,145.85%,503,38.69%,48
Ameriben - Provider,08:00,2,1,1,100.00%,2,0.00%,52.08%,296,5.50%,1
Ameriben - Provider,08:30,3,2,2,100.00%,3,0.00%,63.09%,361,13.35%,2
Ameriben - Provider,09:00,4,6,6,100.00%,2,0.00%,167.13%,405,24.78%,6
Ameriben - Provider,09:30,4,6,6,100.00%,3,0.00%,154.64%,411,48.12%,6
Ameriben - Provider,10:00,4,7,7,100.00%,1,0.00%,157.66%,727,43.57%,7
Ameriben - Provider,10:30,4,9,9,100.00%,2,0.00%,222.22%,598,72.15%,9
Ameriben - Provider,11:00,5,8,8,100.00%,4,0.00%,146.25%,342,26.59%,8
Ameriben - Provider,11:30,6,9,9,100.00%,1,0.00%,140.85%,502,48.08%,9
Ameriben - Member Grand Total,,81,110,108,90.91%,8,1.82%,135.02%,724,47.37%,100
Ameriben - Member,08:00,5,0,0,0.00%,0,0.00%,0.00%,0,0.00%,0
Ameriben - Member,08:30,5,7,7,100.00%,7,0.00%,137.80%,601,16.92%,7
Ameriben - Member,09:00,8,17,17,100.00%,1,0.00%,216.56%,774,45.06%,17
Ameriben - Member,09:30,11,8,8,100.00%,1,0.00%,69.99%,727,18.92%,8
Ameriben - Member,10:00,13,15,15,100.00%,1,0.00%,112.36%,514,38.80%,15
Ameriben - Member,10:30,13,19,18,84.21%,12,5.26%,144.82%,890,82.02%,16
Ameriben - Member,11:00,14,17,17,100.00%,2,0.00%,124.00%,894,53.70%,17
Ameriben - Member,11:30,12,27,26,74.07%,20,3.70%,218.27%,615,73.49%,20
Caremore Provider (CPCS) Grand Total,,136,108,108,86.11%,22,0.00%,79.41%,390,45.94%,93
Caremore Provider (CPCS),8:00,3,2,2,100.00%,1,0.00%,66.67%,387,14.79%,2
Caremore Provider (CPCS),8:30,8,3,3,100.00%,1,0.00%,37.50%,138,11.21%,3
Caremore Provider (CPCS),9:00,10,3,3,100.00%,1,0.00%,30.00%,223,13.05%,3
Caremore Provider (CPCS),9:30,12,9,9,100.00%,1,0.00%,75.00%,542,54.01%,9
Caremore Provider (CPCS),10:00,17,6,6,100.00%,1,0.00%,35.29%,401,30.85%,6
Caremore Provider (CPCS),10:30,22,20,20,100.00%,1,0.00%,90.91%,351,35.40%,20
Caremore Provider (CPCS),11:00,30,28,28,100.00%,1,0.00%,93.33%,403,44.70%,28
Caremore Provider (CPCS),11:30,34,37,37,59.46%,60,0.00%,108.82%,397,90.79%,22
